[{
        "id": 14,
        "description": "Adatbázis létrehozása",
        "adminPage": false
    },
    {
        "id": 16,
        "description": "Ételek száma az étlapon",
        "adminPage": true
    },
    {
        "id": 17,
        "description": "Desszertek",
        "adminPage": true
    },
    {
        "id": 18,
        "description": "Új desszert",
        "adminPage": false
    },
    {
        "id": 19,
        "description": "A három legnépszerűbb étel februárban",
        "adminPage": true
    },
    {
        "id": 20,
        "description": "Nettó árbevétel és befizetendő ÁFA",
        "adminPage": true
    },
    {
        "id": 99,
        "description": "Vendégkönyv bejegyzések",
        "adminPage": true,
        "sql": "SELECT bejegyzes, createdAt AS datum FROM vendegkonyv;"
    }
]